Partner,ActiveCust,OOR%,SLA%,Complaint%,Net,SLA,Cmpl,Severity
Sankrish Systems And Technologies Pvt Ltd,63,5.34,14.8,47.6,Poor,Poor,Bad,95.5
Tiranga Net,73,3.23,35.1,50.7,Good,Poor,Bad,86.4
M4TIME,61,6.15,18.1,34.4,Poor,Poor,Bad,81.5
Tesla Internet,66,4.46,21.8,37.9,OK,Poor,Bad,81.4
Networld Fiber Solution,88,4.32,16.7,35.2,OK,Poor,Bad,81.2
M R CHAUHAN DIGITAL,110,3.45,0.0,26.4,Good,Poor,Watch,79.8
AAA network,57,5.49,18.5,33.3,Poor,Poor,Bad,79.6
Alliance Broadband,158,5.8,12.8,28.5,Poor,Poor,Watch,77.9
INDIANET BROADBAND,475,4.96,7.0,24.6,OK,Poor,Watch,76.1
Shalom Services,90,5.35,0.0,20.0,Poor,Poor,Watch,75.4
Elife internet,80,4.29,26.5,33.8,OK,Poor,Bad,74.8
ORSS BROADBAND SERVICES,113,4.12,26.8,32.7,OK,Poor,Bad,73.5
Rudra Enterprises - Malad East,92,4.16,0.0,18.5,OK,Poor,Watch,72.6
Best Broadband,85,5.15,15.7,24.7,Poor,Poor,Watch,72.0
Manish,91,3.2,20.5,27.5,Good,Poor,Watch,70.4
Batra Cable TV Network,61,3.05,34.1,34.4,Good,Poor,Bad,70.4
Digital World,85,4.91,40.3,35.3,OK,Poor,Bad,70.1
Omkar Electronics,133,6.59,0.0,13.5,Poor,Poor,Good,70.1
SKY DIGITAL SERVICE,74,4.84,26.3,28.4,OK,Poor,Watch,70.1
S R Broadband - West Delhi,97,3.65,13.6,21.6,Good,Poor,Watch,68.5
Speedy Solutions,52,4.98,16.0,21.2,OK,Poor,Watch,68.1
Dream Internet,88,5.46,36.2,30.7,Poor,Poor,Bad,68.0
Quick Sai Net Services,56,2.89,9.1,19.6,Good,Poor,Watch,68.0
RRRV Enterprise,106,7.14,27.3,24.5,Poor,Poor,Watch,68.0
Bunty Net,86,4.45,38.7,32.6,OK,Poor,Bad,67.7
Rudra Network Ghaziabad,73,6.19,28.9,23.3,Poor,Poor,Watch,65.0
BITFIBER PRIVATE LIMITED,99,3.63,62.9,42.4,Good,Poor,Bad,64.6
EVERYTHING IS HERE,80,5.55,17.1,17.5,Poor,Poor,Watch,64.5
Drone Electronic & Comnication,169,3.76,38.1,29.6,Good,Poor,Watch,64.3
Jai Shakti Cable TV Network,79,2.5,11.8,17.7,Good,Poor,Watch,64.3
HI-FI Broadband Services,99,4.37,24.7,22.2,OK,Poor,Watch,64.2
Ibroadband Internet Service,187,4.26,20.5,19.3,OK,Poor,Watch,63.3
Dyna Infocom,99,5.09,10.3,13.1,Poor,Poor,Good,63.0
Goto Fiber,152,4.55,61.2,38.8,OK,Poor,Bad,62.8
Inspire Infratech Pvt. Ltd.,295,4.45,40.2,27.8,OK,Poor,Watch,62.2
EXCL NETWORK,60,4.21,43.5,28.3,OK,Poor,Watch,60.8
Spacenet,59,3.07,42.3,28.8,Good,Poor,Watch,60.7
King Cable & TV Network,356,3.58,0.0,6.7,Good,Poor,Good,60.3
Unique Cable Network,73,5.71,37.5,23.3,Poor,Poor,Watch,60.2
sai net service,69,3.91,42.6,27.5,Good,Poor,Watch,60.1
Jai Binsar Network,145,2.54,60.8,37.9,Good,Poor,Bad,60.1
Khushi Enterprises,61,6.9,30.4,18.0,Poor,Poor,Watch,59.7
TECHFIBER,194,5.15,41.3,25.3,Poor,Poor,Watch,59.7
Shreeya Internet Services,83,6.82,28.6,16.9,Poor,Poor,Watch,59.4
Panchsheel InfoTech services,116,4.66,47.9,28.4,OK,Poor,Watch,59.2
JAIN CABLE,184,4.01,48.8,29.3,OK,Poor,Watch,59.0
HANS CABLE NETWORK GGN,142,4.61,32.4,20.4,OK,Poor,Watch,58.9
U-LIKE CABLE VISION,161,3.28,58.3,34.8,Good,Poor,Bad,58.9
Tinku Internet,81,4.34,72.6,40.7,OK,OK,Bad,58.8
Airnet Broadband,65,5.44,27.5,16.9,Poor,Poor,Watch,58.6
SPECTRUM SERVICES,114,3.75,30.6,20.2,Good,Poor,Watch,58.6
Batta Cable,78,4.46,15.2,11.5,OK,Poor,Good,58.4
Rumi Computer,107,5.67,49.3,27.1,Poor,Poor,Watch,58.1
Paramhans Broadband Services,313,7.68,60.4,30.4,Poor,Poor,Bad,57.8
ATM Network,83,5.35,41.0,22.9,Poor,Poor,Watch,57.7
Nasir,53,4.38,31.0,18.9,OK,Poor,Watch,57.7
Speedo Network,130,3.15,75.6,42.3,Good,OK,Bad,57.6
Sky Internet South Delhi,58,2.94,32.3,20.7,Good,Poor,Watch,57.5
SWASTIK CABLE NETWORK PVT. LTD.,331,7.12,53.3,26.6,Poor,Poor,Watch,57.1
Gayatri Cable Network,204,4.35,26.1,15.7,OK,Poor,Watch,57.0
SOPS INTERNET SERVICES,53,4.43,51.7,28.3,OK,Poor,Watch,56.9
QASWA BROADBAND,73,7.35,48.3,23.3,Poor,Poor,Watch,56.5
Ajay Broadband,84,3.97,63.9,34.5,Good,Poor,Bad,56.5
Manoj Internet Services Private Limited,67,4.67,23.4,13.4,OK,Poor,Good,56.4
Speednhex Broadband,129,3.91,53.1,28.7,Good,Poor,Watch,56.1
High Speed Fiber Broadband,63,7.88,39.1,17.5,Poor,Poor,Watch,55.8
G.S Computers,112,5.39,51.1,25.9,Poor,Poor,Watch,55.7
Aman Broadband Services,73,6.0,36.4,17.8,Poor,Poor,Watch,55.6
CHETANYA CABLE NETWORK,80,3.87,24.0,13.8,Good,Poor,Good,55.6
Sharma Cable,62,3.99,45.5,24.2,Good,Poor,Watch,55.5
New Leo Cable TV And Internet,54,4.15,16.0,9.3,OK,Poor,Good,55.4
R N WiFi Network,90,2.86,30.8,17.8,Good,Poor,Watch,55.3
Dass Cable Network,218,6.44,30.4,13.8,Poor,Poor,Good,55.0
Gaba Associates,80,6.58,63.3,30.0,Poor,Poor,Watch,54.9
Vicky Cable Network,72,4.03,37.8,19.4,OK,Poor,Watch,54.6
prshree networks,70,7.53,61.2,27.1,Poor,Poor,Watch,54.1
KGN Network,70,5.56,75.0,35.7,Poor,OK,Bad,53.8
Sky Fiber,105,3.85,84.1,41.9,Good,OK,Bad,53.7
Capital Cable Network,203,3.84,64.3,32.0,Good,Poor,Bad,53.7
Eagle Internet,162,3.98,47.7,23.5,Good,Poor,Watch,53.6
Kirad Cable Network,94,4.65,55.9,26.6,OK,Poor,Watch,53.3
Supernet,549,3.39,79.8,39.7,Good,OK,Bad,53.2
VIHANG INFOMEDIA PRIVATE LIMITED,176,5.96,36.6,15.3,Poor,Poor,Watch,53.0
SIGMA BUSINESS SOLUTIONS,68,3.03,53.7,26.5,Good,Poor,Watch,52.7
Sap IT Solutions,68,4.95,69.4,32.4,OK,Poor,Bad,52.6
MAKS Network,125,3.16,59.1,28.8,Good,Poor,Watch,52.4
Vi network,89,4.64,63.4,29.2,OK,Poor,Watch,52.2
Nishu Broadband,645,3.7,59.4,27.9,Good,Poor,Watch,51.9
Webnet,446,2.44,55.5,27.1,Good,Poor,Watch,51.8
A V Network,115,5.78,44.4,18.3,Poor,Poor,Watch,51.8
Radha Cable TV Network,211,4.11,46.3,20.9,OK,Poor,Watch,51.8
Sharma Digital,137,5.84,41.9,16.8,Poor,Poor,Watch,51.7
Digital Bharat Broadband Services,135,3.53,51.1,23.7,Good,Poor,Watch,51.7
TASA E- Solutions,73,4.37,82.5,38.4,OK,OK,Bad,51.5
Shankar Cable & Broadband,67,3.2,46.2,20.9,Good,Poor,Watch,51.0
Digital Net Broadband,99,5.52,57.4,24.2,Poor,Poor,Watch,51.0
Dashmesh Cable And Internet,393,3.41,48.5,21.6,Good,Poor,Watch,50.8
RSS Enterprise,71,5.43,46.5,18.3,Poor,Poor,Watch,50.5
jet net,176,7.33,88.2,36.9,Poor,Good,Bad,50.2
UNIWAY,64,3.43,72.4,32.8,Good,OK,Bad,50.0
Ultra Net,77,4.89,44.0,16.9,OK,Poor,Watch,49.8
THREE STAR VISION,91,5.11,48.0,18.7,Poor,Poor,Watch,49.8
TREAD STONE ENTERPRISES,277,5.6,55.9,22.0,Poor,Poor,Watch,49.7
SmartFiber Internet Pvt Ltd,287,3.73,70.0,31.0,Good,OK,Bad,49.7
Vansh Internet,72,5.06,52.4,20.8,Poor,Poor,Watch,49.7
WEFIBER internet solutions,146,5.27,50.0,19.2,Poor,Poor,Watch,49.4
Mahadev broadband,59,3.59,59.3,25.4,Good,Poor,Watch,49.4
Netfizz Network Pvt Ltd,315,4.8,86.1,37.5,OK,Good,Bad,49.2
SS FIBERNET,114,3.98,50.0,20.2,Good,Poor,Watch,49.2
Praction Infratel Private Limited,136,6.1,93.3,39.7,Poor,Good,Bad,49.1
XD Network,111,3.23,51.7,21.6,Good,Poor,Watch,49.0
Air Net,102,4.15,50.0,19.6,OK,Poor,Watch,48.8
Xstream Boom Band,309,3.76,53.2,21.4,Good,Poor,Watch,48.5
VIHAAN COMPUTER SERVICE,74,5.12,70.0,28.4,Poor,OK,Watch,48.5
Sanjay Singh_ (vijay vihar),261,3.22,74.8,32.6,Good,OK,Bad,48.4
Digital Sky,93,3.2,74.7,32.3,Good,OK,Bad,48.1
Express Broadband,166,4.1,65.2,26.5,OK,Poor,Watch,48.0
Jai It Service,173,3.53,63.2,26.0,Good,Poor,Watch,47.9
Yash Internet Services,125,6.31,61.0,21.6,Poor,Poor,Watch,47.4
Gaurav Communication,145,4.84,50.0,17.2,OK,Poor,Watch,47.1
Sigma Network,472,3.74,69.0,27.8,Good,Poor,Watch,47.0
Hind Network,88,5.3,64.5,23.9,Poor,Poor,Watch,46.9
Dark Fiber,62,4.39,92.3,38.7,OK,Good,Bad,46.9
Siddhi Broadband Services,144,4.05,46.7,16.0,OK,Poor,Watch,46.7
Ansari Cable Network,93,3.67,72.0,29.0,Good,OK,Watch,46.7
S R NETWORK 2,151,5.89,74.2,27.8,Poor,OK,Watch,46.6
K.P CABLE NETWORKS,87,3.57,71.4,28.7,Good,OK,Watch,46.6
AIRMAX HYPERNET TECHNOLOGIES,69,5.03,89.5,36.2,Poor,Good,Bad,46.5
Anushka Broadband,123,5.29,42.4,12.2,Poor,Poor,Good,46.3
Datta Cable,211,3.98,58.2,21.3,Good,Poor,Watch,46.2
Rapid IT Services,122,4.05,63.5,23.8,OK,Poor,Watch,46.1
Narendra Singh HUF,109,5.41,94.0,37.6,Poor,Good,Bad,46.0
Mauli I Net Pvt Ltd,136,5.46,57.4,19.1,Poor,Poor,Watch,45.9
Bhartiya Net (South Delhi),96,4.36,57.1,19.8,OK,Poor,Watch,45.6
SHRI BALAJI CABLE NETWORK,204,4.14,63.3,23.0,OK,Poor,Watch,45.5
MS NETWORK,165,4.7,65.7,23.6,OK,Poor,Watch,45.5
V&K INTERNET SERVICES PVT LTD Noida,111,3.93,69.1,26.1,Good,Poor,Watch,45.5
Perfect Digital Network,410,3.17,62.4,23.4,Good,Poor,Watch,45.4
AARUSH BROADBAND,459,3.79,45.7,14.4,Good,Poor,Good,45.3
DIGIWAY NET PVT LTD,83,4.89,75.0,27.7,OK,OK,Watch,45.1
Paardrishti Network,67,3.48,46.9,14.9,Good,Poor,Good,45.0
Inaya Communications,205,3.73,78.1,30.2,Good,OK,Bad,44.9
Icon Broadband,139,5.99,78.4,28.1,Poor,OK,Watch,44.8
UNE Infrastructure Private Limited,179,3.8,54.8,18.4,Good,Poor,Watch,44.8
North Delhi Broadband Services,330,3.97,60.3,20.9,Good,Poor,Watch,44.7
Shaurya Communication,226,3.68,67.0,24.3,Good,Poor,Watch,44.5
Laxdeep system and services,84,4.63,56.1,17.9,OK,Poor,Watch,44.4
Om Sai Cable,208,3.35,68.1,25.0,Good,Poor,Watch,44.3
Broadband Solution,257,3.22,70.7,26.5,Good,OK,Watch,44.3
Inet Broadband,71,4.71,40.6,9.9,OK,Poor,Good,44.3
FUTURE NET SERVICES,279,6.13,77.0,26.5,Poor,OK,Watch,44.2
Chaman Enterprises,184,4.11,75.3,27.7,OK,OK,Watch,44.2
Pious Services-New Ashok Nagar,280,3.18,68.9,25.4,Good,Poor,Watch,44.1
Win2Mac Solutions,137,4.5,98.4,38.7,OK,Good,Bad,44.0
Ansar Patholi,69,6.73,72.7,23.2,Poor,OK,Watch,43.5
One Infra & Technologies,60,4.41,62.5,20.0,OK,Poor,Watch,43.2
TEJAS CITY NETWORK,220,3.29,66.3,22.7,Good,Poor,Watch,42.9
Mohit Cable,154,3.42,69.4,24.0,Good,Poor,Watch,42.8
Diploman Broadband,90,4.72,77.8,26.7,OK,OK,Watch,42.5
Wow! Wireless Fiber Internet,308,3.94,61.1,18.8,Good,Poor,Watch,42.2
XPRESS NET SOLUTION-TILAK NAGAR,58,3.11,70.3,24.1,Good,OK,Watch,42.1
Sandeep Cable Network,129,6.15,71.9,21.7,Poor,OK,Watch,41.9
Anitel,52,5.17,65.2,19.2,Poor,Poor,Watch,41.8
Chaudhary Cables & Broadband,55,3.82,89.7,32.7,Good,Good,Bad,41.7
Singh Cable Network,124,6.71,76.9,23.4,Poor,OK,Watch,41.6
Bridgewire,204,5.6,73.4,22.5,Poor,OK,Watch,41.4
Karv Network,98,4.24,87.5,30.6,OK,Good,Bad,41.1
Metro Network 3,108,3.69,67.8,21.3,Good,Poor,Watch,41.1
Khushi Broadband,164,3.07,64.1,20.1,Good,Poor,Watch,41.1
Speed Broadband,85,3.22,78.9,27.1,Good,OK,Watch,40.8
Divya Enterprises 2,241,5.78,82.5,26.1,Poor,OK,Watch,40.7
Osia Cable Vision,69,6.08,68.6,18.8,Poor,Poor,Watch,40.6
Shri Bankey Bihari Internet Services,321,5.61,65.6,17.8,Poor,Poor,Watch,40.6
KET BROAD BAND CABLE NETWORK,115,2.45,63.6,20.0,Good,Poor,Watch,40.6
Giga Extream fiber,83,4.31,78.3,25.3,OK,OK,Watch,40.5
Flexinet Broadband,66,5.89,73.3,21.2,Poor,OK,Watch,40.4
Elife Networks,128,3.87,83.5,28.1,Good,OK,Watch,40.3
Krishbyl Broadband,289,7.87,87.0,26.0,Poor,Good,Watch,40.3
Goldi Groups,53,6.6,70.4,18.9,Poor,OK,Watch,40.3
JMD Computer Services,244,4.44,86.1,28.7,OK,Good,Watch,40.1
M Fiber Net Pvt Ltd,214,4.62,77.9,24.3,OK,OK,Watch,40.0
GS Infotech,92,8.74,72.3,17.4,Poor,OK,Watch,40.0
SUN ENTERPRISES,156,3.83,66.2,19.2,Good,Poor,Watch,40.0
Mahadev Broadband - Kewal Park,100,2.96,57.9,16.0,Good,Poor,Watch,40.0
Pashupati Broadband,62,3.67,63.0,17.7,Good,Poor,Watch,39.9
Ashok Cable,101,3.87,60.0,15.8,Good,Poor,Watch,39.7
MD Technologys,213,4.08,92.6,31.9,OK,Good,Bad,39.7
KGN Broadband,68,4.93,83.3,26.5,OK,OK,Watch,39.7
Cyber Jaguar Services,88,4.06,83.3,27.3,OK,OK,Watch,39.7
Deepali Communication,315,3.8,91.3,31.4,Good,Good,Bad,39.6
KGN Surya Broadband Internet,239,3.67,65.0,18.4,Good,Poor,Watch,39.6
AVI Network,348,5.13,81.2,25.0,Poor,OK,Watch,39.5
AK Khan Internet,66,4.0,71.4,21.2,Good,OK,Watch,39.5
Tiger Net,139,4.22,72.7,21.6,OK,OK,Watch,39.4
SS BROADBAND NET,78,3.21,58.3,15.4,Good,Poor,Watch,39.4
Net World Infovision,223,4.04,78.1,24.2,OK,OK,Watch,39.2
Tara Broadband,79,4.27,93.5,31.6,OK,Good,Bad,39.2
RAJEEV KUMAR,165,4.55,80.4,24.8,OK,OK,Watch,39.2
Neer Broadband,118,6.08,69.4,17.8,Poor,Poor,Watch,39.2
HI-Speed Net,242,3.38,67.4,19.4,Good,Poor,Watch,39.1
Space X Broadband,159,4.1,55.1,12.6,OK,Poor,Good,39.1
Door Drishti Chirag Delhi,339,4.2,81.0,25.1,OK,OK,Watch,38.8
Bharat Digital Network,51,2.88,87.0,29.4,Good,Good,Watch,38.8
Itech Digital Networks,190,4.89,78.5,23.2,OK,OK,Watch,38.8
WindNet Pvt Ltd,80,4.47,72.0,20.0,OK,OK,Watch,38.5
Fit Broadband,240,4.83,78.5,22.9,OK,OK,Watch,38.5
BR Enterprises Prayagraj,88,3.89,69.4,19.3,Good,Poor,Watch,38.5
Sky Broadband,104,3.71,78.9,24.0,Good,OK,Watch,38.3
Meghna Enterprises,219,5.14,80.5,23.3,Poor,OK,Watch,38.2
Make Sure Internet Services,178,4.24,68.0,18.0,OK,Poor,Watch,38.2
Paras Cable TV Network,77,5.29,78.6,22.1,Poor,OK,Watch,38.1
Shree Ram fiber broadband 2,163,4.32,65.8,16.6,OK,Poor,Watch,38.0
Jai shri Ram internet,168,3.26,65.2,17.3,Good,Poor,Watch,37.9
Lovely communication,500,4.07,89.9,28.8,OK,Good,Watch,37.9
Kanton Cable Pvt Ltd,303,3.31,76.4,22.8,Good,OK,Watch,37.9
Dev Broadband,68,4.65,62.9,14.7,OK,Poor,Good,37.9
ADIL CABLE NETWORK,74,7.6,77.5,18.9,Poor,OK,Watch,37.8
Pulse Internet Services,255,5.06,89.5,27.5,Poor,Good,Watch,37.8
Global Express,315,5.75,78.0,21.0,Poor,OK,Watch,37.7
K D fibrenet,183,3.6,80.0,24.0,Good,OK,Watch,37.6
Shree Sai Net,121,4.35,63.5,14.9,OK,Poor,Good,37.5
sunrise net,81,3.7,64.4,16.0,Good,Poor,Watch,37.5
Sanjay Cable Net,222,3.42,78.8,23.4,Good,OK,Watch,37.5
Maa Internet Services,569,4.77,90.0,27.6,OK,Good,Watch,37.4
Aditi cable tv network,113,3.14,70.7,19.5,Good,OK,Watch,37.3
Blast Fiber Network,295,4.44,71.8,18.6,OK,OK,Watch,37.2
Racsann Communications Private Limited,150,3.55,45.0,6.0,Good,Poor,Good,37.1
Broadband tree,359,4.22,87.3,26.5,OK,Good,Watch,37.0
Win Broadband Service,280,4.09,81.3,23.6,OK,OK,Watch,37.0
Star Communication,167,4.44,77.0,21.0,OK,OK,Watch,36.9
Guruji networks,91,4.62,61.9,13.2,OK,Poor,Good,36.9
Komal Cable TV Network,218,3.95,74.4,20.2,Good,OK,Watch,36.9
Emmurra Network,158,4.38,68.0,16.5,OK,Poor,Watch,36.8
JEET ENTERPRISES,122,4.32,86.0,25.4,OK,Good,Watch,36.8
Door Drishti,672,3.67,82.7,24.4,Good,OK,Watch,36.7
Webcity Broadband,173,2.68,95.5,31.8,Good,Good,Bad,36.7
Saffron Broadband,53,4.31,61.9,13.2,OK,Poor,Good,36.6
Broadband solution East Delhi,51,6.18,82.4,21.6,Poor,OK,Watch,36.6
Mnet Services,70,4.96,74.2,18.6,OK,OK,Watch,36.4
ANL Network PVT LTD,212,3.37,85.9,25.9,Good,Good,Watch,36.3
Super Communication,108,2.72,95.9,31.5,Good,Good,Bad,36.2
Colours Net-2,311,3.41,80.7,23.2,Good,OK,Watch,36.2
Metro Network,306,3.6,81.4,23.2,Good,OK,Watch,36.1
MOHD TAHIR,92,6.78,96.0,27.2,Poor,Good,Watch,36.0
Aastha Broadband Internet,94,4.71,77.8,20.2,OK,OK,Watch,36.0
Ultra Speed Net,210,4.39,81.6,22.4,OK,OK,Watch,36.0
Elixir Fibernet,276,5.92,88.6,24.3,Poor,Good,Watch,35.9
K P INTERNET 1 SERVICES,200,4.38,78.9,21.0,OK,OK,Watch,35.9
Boby Broadband,187,3.85,73.4,18.7,Good,OK,Watch,35.9
Primeline Network Solution,155,5.06,83.6,22.6,Poor,OK,Watch,35.8
Om Sai Traders,98,3.88,87.7,25.5,Good,Good,Watch,35.5
TRUE INTERNET SERVICE,149,5.57,94.3,26.8,Poor,Good,Watch,35.2
Down To Earth Fiber Net,79,4.01,70.6,16.5,OK,OK,Watch,35.2
Umang Cable TV Network,376,4.51,91.6,26.3,OK,Good,Watch,35.1
VSG broadband,57,5.21,82.6,21.1,Poor,OK,Watch,35.0
PR Broadband,68,4.05,82.1,22.1,OK,OK,Watch,35.0
M M Network,141,3.56,71.2,17.0,Good,OK,Watch,35.0
Sahu Internet,230,3.27,75.0,19.1,Good,OK,Watch,34.9
R Net,76,3.26,68.3,15.8,Good,Poor,Watch,34.9
Awesome Net,71,3.74,85.7,23.9,Good,Good,Watch,34.8
KRISH INTERNET,97,4.68,76.9,18.6,OK,OK,Watch,34.8
JSK Enterprises,326,4.56,93.5,27.0,OK,Good,Watch,34.8
Chetna Broadband,84,6.88,84.6,20.2,Poor,OK,Watch,34.8
Bridgewire-2,124,5.75,88.8,23.4,Poor,Good,Watch,34.8
Bobby Cable Network,131,2.99,79.2,21.4,Good,OK,Watch,34.7
SK NETWORK West,109,3.29,79.3,21.1,Good,OK,Watch,34.7
Babbu Cable Network,81,3.62,72.4,17.3,Good,OK,Watch,34.7
Be Online,121,3.74,76.3,19.0,Good,OK,Watch,34.6
Ritesh Internet,159,5.29,64.0,11.3,Poor,Poor,Good,34.6
S.R Technologies,119,3.31,71.0,16.8,Good,OK,Watch,34.6
Prime Cable Networks,72,3.06,73.2,18.1,Good,OK,Watch,34.5
Jagdamba communication-2,280,4.18,88.8,24.6,OK,Good,Watch,34.4
Ashu Cable Network,143,3.94,58.8,9.8,Good,Poor,Good,34.3
Raja Cable Network,134,4.75,69.5,14.2,OK,Poor,Good,34.2
Manglam Digital Network,466,3.34,87.2,24.5,Good,Good,Watch,34.2
SHRI BALAJI CABLE TV NETWORK,149,3.54,81.7,21.5,Good,OK,Watch,34.2
Real Broadband,109,3.6,75.6,18.3,Good,OK,Watch,34.1
DEEP STAR CABLE NETWORK,135,5.34,69.7,13.3,Poor,Poor,Good,33.8
Apex Communication,105,2.89,72.7,17.1,Good,OK,Watch,33.7
Tirupati internet service,264,4.82,69.5,13.6,OK,Poor,Good,33.7
Sanjay Cable Network North,91,4.94,75.6,16.5,OK,OK,Watch,33.6
Sumit broadband,260,4.19,72.7,15.8,OK,OK,Watch,33.6
Deep Traders,189,3.74,83.1,21.2,Good,OK,Watch,33.4
Starlink Internet Service Sector 1,85,5.15,71.8,14.1,Poor,OK,Good,33.4
Smart Tech Traders,398,2.96,84.1,22.4,Good,OK,Watch,33.3
Pradeep Kumar Jain,66,4.37,90.9,24.2,OK,Good,Watch,33.2
Anu Bijnor,87,5.22,85.4,20.7,Poor,Good,Watch,33.2
P.M Enterprises,563,3.67,75.2,17.1,Good,OK,Watch,33.1
Vfibernet,302,3.26,78.3,18.9,Good,OK,Watch,33.0
Balaji Internet Ghaziabad,231,5.4,79.4,17.3,Poor,OK,Watch,33.0
Skynet Communication,255,4.58,83.1,20.0,OK,OK,Watch,33.0
Bittoo Cable And Internet,53,3.32,89.7,24.5,Good,Good,Watch,33.0
Falcon Fiber Broadband,102,5.53,90.4,22.5,Poor,Good,Watch,32.9
Rajput Net,297,4.0,92.9,25.3,Good,Good,Watch,32.8
Supernet Broadband,172,4.22,86.3,21.5,OK,Good,Watch,32.6
Mahaveer cable TV & broadband service,156,4.2,84.1,20.5,OK,OK,Watch,32.6
S K INTERNET,140,3.61,85.1,21.4,Good,Good,Watch,32.5
New Shree Balaji Cable TV Network,197,4.43,67.3,11.7,OK,Poor,Good,32.5
K P Network,112,6.43,92.7,22.3,Poor,Good,Watch,32.4
Sairaj Cable Network,84,5.81,68.2,10.7,Poor,Poor,Good,32.4
Arsh Solutions,56,2.71,87.5,23.2,Good,Good,Watch,32.2
Earth Net,197,4.14,82.4,19.3,OK,OK,Watch,32.2
M.N.R ENTERPRISES,161,4.31,82.9,19.3,OK,OK,Watch,32.1
N D Network Solution,218,4.43,76.1,15.6,OK,OK,Watch,32.0
Vineet Cable TV Network,190,4.77,84.7,19.5,OK,OK,Watch,31.9
Global Zone Network,146,4.35,83.3,19.2,OK,OK,Watch,31.9
City Broadband Services,114,3.28,80.0,18.4,Good,OK,Watch,31.7
SPEEDNET BROADBAND,100,2.42,57.7,8.0,Good,Poor,Good,31.6
AVI NETWORK Sakoti,136,4.79,70.0,11.8,OK,OK,Good,31.6
Nishant Broadband-Delhi North,151,3.38,91.4,23.8,Good,Good,Watch,31.5
KRISHNA NETWORK,145,6.55,100.0,24.8,Poor,Good,Watch,31.4
QUADNET BROADBAND,189,3.21,94.5,25.4,Good,Good,Watch,31.4
SHRISTI ENTERPRISES,237,4.27,80.9,17.3,OK,OK,Watch,31.1
Cyber City,88,4.34,94.1,23.9,OK,Good,Watch,31.1
Gayatri Internet Service,176,4.79,76.1,14.2,OK,OK,Good,31.0
yash broadband internet service,121,4.33,76.5,14.9,OK,OK,Good,31.0
SR Network,127,3.48,93.8,24.4,Good,Good,Watch,31.0
R K Cable,136,3.92,93.0,23.5,Good,Good,Watch,30.9
Lion Vision Network,108,3.62,86.2,20.4,Good,Good,Watch,30.9
The Telecom Solutions,79,5.58,90.0,20.3,Poor,Good,Watch,30.8
DA fibernet,106,3.5,85.4,19.8,Good,Good,Watch,30.6
SAP IT Solution,394,4.58,87.3,19.5,OK,Good,Watch,30.5
Praction infratel pvt Ltd,136,5.36,91.0,20.6,Poor,Good,Watch,30.4
Choudhary Broadband,88,3.33,91.3,22.7,Good,Good,Watch,30.4
Jai Shri Krishna Cable TV Network Ghaziabad,260,5.32,91.6,20.8,Poor,Good,Watch,30.3
SINDHU BROADBAND-HARPOOL VIHAR,107,3.85,73.3,13.1,Good,OK,Good,30.3
Poorvi Internet Services,268,4.03,88.6,20.5,OK,Good,Watch,30.2
ANOOP INTERNET,219,3.67,73.7,13.2,Good,OK,Good,30.1
K.R Internet,114,3.44,60.9,7.0,Good,Poor,Good,30.0
Guru Nanak Cable Vision,345,3.58,85.3,19.1,Good,Good,Watch,30.0
Tripti Broadband,65,6.85,87.5,16.9,Poor,Good,Watch,30.0
Rs enterprises,238,5.79,78.7,13.4,Poor,OK,Good,29.9
BALAJI CABLE-PUNJABI BASTI,222,4.02,73.6,12.6,OK,OK,Good,29.8
Gourav Internet,103,4.5,80.5,15.5,OK,OK,Watch,29.8
A&A Fibernet Services,303,4.11,91.0,21.1,OK,Good,Watch,29.7
LINKIFI INTERNET,81,4.05,83.3,17.3,OK,OK,Watch,29.7
Trimurti Internet Service-North,109,2.81,75.6,14.7,Good,OK,Good,29.7
Super fast network,110,4.28,76.7,13.6,OK,OK,Good,29.5
Khan Cable TV Network,116,5.03,90.6,19.8,Poor,Good,Watch,29.5
SUPER SONIC FIBER NET,133,2.74,81.2,17.3,Good,OK,Watch,29.4
Anoop Cable Network,341,3.26,83.5,17.9,Good,OK,Watch,29.4
Micky Cable TV,172,3.5,90.3,20.9,Good,Good,Watch,29.3
Om Sai Cable (Ghatkopar East),152,4.62,76.9,13.2,OK,OK,Good,29.3
Classic Cable Network East,271,4.48,93.3,21.4,OK,Good,Watch,29.2
Sai Communication,371,3.37,100.0,25.9,Good,Good,Watch,29.2
Sai Cable,304,3.19,81.8,16.8,Good,OK,Watch,29.1
Deepak Arora,94,3.16,80.0,16.0,Good,OK,Watch,29.1
AS Internet Services,417,4.76,84.6,16.5,OK,OK,Watch,29.0
A C Enterprises,69,5.01,84.0,15.9,Poor,OK,Watch,28.9
Belone Internet Service,84,4.61,77.8,13.1,OK,OK,Good,28.8
Suhani Enterprises,309,4.78,83.3,15.5,OK,OK,Watch,28.7
Jagdamba Communication,707,3.95,91.2,20.4,Good,Good,Watch,28.7
SHARMA CABLE NETWORK,251,4.54,91.6,19.9,OK,Good,Watch,28.7
Piyush Broadband,132,6.35,82.8,13.6,Poor,OK,Good,28.6
Parcha Fiber Broadband & Cable Network,243,3.5,97.5,23.9,Good,Good,Watch,28.6
Netconnect Internet Service 24*7,238,3.46,64.9,7.6,Good,Poor,Good,28.6
HOME FIBER INTERNET,67,3.36,85.7,17.9,Good,Good,Watch,28.4
Fly Network Solution,58,7.8,89.8,15.5,Poor,Good,Watch,28.4
Om Sai Cable Network-West,91,4.68,85.7,16.5,OK,Good,Watch,28.3
SGS Internet Service,412,4.67,84.0,15.5,OK,OK,Watch,28.2
Daiwik Broadband,556,3.74,87.9,18.3,Good,Good,Watch,28.1
S.L Internet Services,261,3.57,97.9,23.4,Good,Good,Watch,28.0
Entertainment Broadband,156,2.75,87.9,19.2,Good,Good,Watch,28.0
Shweta Internet Service,117,5.55,86.0,15.4,Poor,Good,Watch,28.0
Rohan Cable TV Network,162,5.27,89.0,17.3,Poor,Good,Watch,28.0
Jai Guru Dev Broadband,61,3.51,74.2,11.5,Good,OK,Good,27.9
Wifi Network,127,4.21,90.4,18.9,OK,Good,Watch,27.9
Manju Cable TV Network,120,3.22,82.6,15.8,Good,OK,Watch,27.7
TNB Infotech,377,3.55,83.2,15.6,Good,OK,Watch,27.6
Bright Soul Networks,184,5.3,93.7,19.0,Poor,Good,Watch,27.5
Akash Trading Company,128,3.44,80.0,14.1,Good,OK,Good,27.5
Friends Broadband Services,362,3.65,91.5,19.6,Good,Good,Watch,27.5
Surender Cable & Internet Services,426,4.08,90.4,18.3,OK,Good,Watch,27.2
RAJNI CABLE TV NETWORK,232,3.99,83.3,14.7,Good,OK,Good,27.0
Yarco cable,415,3.75,97.7,21.9,Good,Good,Watch,26.8
Khari Cable Network,111,3.02,83.0,15.3,Good,OK,Watch,26.8
Karan Cable T.V N/W,90,3.79,72.0,8.9,Good,OK,Good,26.7
Fiber Internet,241,4.45,84.6,14.5,OK,OK,Good,26.7
R Star Broadband Network,77,3.83,86.2,15.6,Good,Good,Watch,26.3
Swati Cable TV Network,376,4.27,93.7,18.9,OK,Good,Watch,26.3
SHAKYA IT SOLUTIONS,122,6.8,87.5,13.1,Poor,Good,Good,26.2
Aditya Digital Cable Network,819,5.11,81.5,11.8,Poor,OK,Good,26.2
Together Communication,90,5.13,95.8,18.9,Poor,Good,Watch,26.1
RDN Broadband,97,3.57,88.0,16.5,Good,Good,Watch,26.1
SK Internet,230,3.53,84.6,14.8,Good,OK,Good,26.0
Skynet tele communication,291,6.25,90.8,15.1,Poor,Good,Watch,26.0
Yash Net,291,5.75,87.6,14.1,Poor,Good,Good,26.0
Star Technologies,343,4.31,80.2,11.7,OK,OK,Good,25.9
STARNET North,56,3.77,70.0,7.1,Good,OK,Good,25.9
Raftaar Fibernet,260,3.2,84.1,14.6,Good,OK,Good,25.8
JMD Technology,309,5.53,90.5,15.5,Poor,Good,Watch,25.8
Sainath Digital Cable,217,6.49,100.0,18.9,Poor,Good,Watch,25.4
Yash Enterprises,114,4.73,64.0,2.6,OK,Poor,Good,25.4
Jai Bala Ji Net 2,333,4.25,76.9,9.6,OK,OK,Good,25.4
Amit cable net WiFi,161,4.92,96.3,18.6,OK,Good,Watch,25.4
SS Khan Network,134,4.29,77.3,9.7,OK,OK,Good,25.4
Hirday Broadband,79,3.65,94.6,19.0,Good,Good,Watch,25.3
Shine Network,162,3.98,89.7,16.0,Good,Good,Watch,25.2
Azad Cable TV Network,56,4.58,87.2,14.3,OK,Good,Good,25.2
OM NETWORK,151,5.21,90.6,15.2,Poor,Good,Watch,25.1
Real Net Internet Service,245,3.49,86.4,14.7,Good,Good,Good,25.0
BHARDWAJ INTERNET &CABLE NETWORK,174,4.25,93.1,17.2,OK,Good,Watch,24.9
Yadav Network,178,5.4,98.2,18.5,Poor,Good,Watch,24.8
SBN INTERNET SERVICES,134,6.36,85.5,11.2,Poor,Good,Good,24.8
Hari Cable Network,144,3.09,86.2,14.6,Good,Good,Good,24.6
Classic Net,771,4.19,98.8,19.8,OK,Good,Watch,24.6
East Star Internet,442,3.91,95.3,18.3,Good,Good,Watch,24.6
SHRI SHYAM JI NETWORK,319,5.06,94.9,16.9,Poor,Good,Watch,24.5
Sunil Cable,165,4.08,81.2,10.9,OK,OK,Good,24.4
OM CABLE TV,277,5.5,91.8,14.8,Poor,Good,Good,24.4
A B Cable Network,256,5.22,87.7,12.9,Poor,Good,Good,24.3
Rian Cable Network,210,3.57,93.8,17.6,Good,Good,Watch,24.3
Raj Network-East Delhi,171,4.06,84.2,12.3,OK,OK,Good,24.2
Malik Cable,80,3.67,93.9,17.5,Good,Good,Watch,24.2
V S Communication,120,4.54,77.3,8.3,OK,OK,Good,24.2
M K Net Broadband,181,4.25,95.0,17.1,OK,Good,Watch,23.9
Extra-1 Broadband,92,4.12,84.4,12.0,OK,OK,Good,23.9
Fiza Cable,251,4.07,78.6,9.2,OK,OK,Good,23.9
Colours Net,552,3.25,88.3,14.7,Good,Good,Good,23.8
GURUNANAK NETWORK,109,4.94,93.5,15.6,OK,Good,Watch,23.8
Sai Network,724,5.76,80.0,8.0,Poor,OK,Good,23.8
SP Net,165,4.28,91.7,15.2,OK,Good,Watch,23.6
BROTHER NET SERVICE,72,3.46,95.8,18.1,Good,Good,Watch,23.6
Khushi Cable Network - North,168,3.34,94.0,17.3,Good,Good,Watch,23.6
Super Services Net,249,5.41,92.9,14.5,Poor,Good,Good,23.4
INFRANET SERVICES,79,3.38,90.5,15.2,Good,Good,Watch,23.3
Z.M Ansari WiFi Network,214,4.0,96.6,17.3,Good,Good,Watch,23.0
Raj Kumar Cable Network,656,3.6,87.4,13.0,Good,Good,Good,22.9
Yadav Cable Network,120,3.52,94.6,16.7,Good,Good,Watch,22.9
SAM LINK COMMUNICATION,262,3.48,82.0,10.3,Good,OK,Good,22.8
Sameer Broadband,179,6.05,97.1,15.1,Poor,Good,Watch,22.6
MGN Network,515,5.92,95.4,14.4,Poor,Good,Good,22.6
Softage Internet Services,385,4.34,87.0,11.7,OK,Good,Good,22.5
ROHIT CABLE,150,3.32,93.8,16.0,Good,Good,Watch,22.4
Speedplus Chilla,152,3.04,91.7,15.1,Good,Good,Watch,22.3
West Friends Cable Internet,98,3.14,86.2,12.2,Good,Good,Good,22.3
Gigabyte Informatics,356,4.64,91.7,13.5,OK,Good,Good,22.3
Digital network service,141,3.99,96.2,16.3,Good,Good,Watch,22.2
Shree Shyam Internet Palwal,151,6.01,84.8,8.6,Poor,OK,Good,22.2
Ashok Kumar,95,4.37,91.7,13.7,OK,Good,Good,22.2
Nextia Solutions Pvt Ltd,95,2.56,96.6,17.9,Good,Good,Watch,22.2
Stream Broadband,557,3.62,87.8,12.4,Good,Good,Good,22.1
Airnet-Mage Ram Park,223,4.11,100.0,17.9,OK,Good,Watch,22.1
Lifeline Internet,240,3.34,93.3,15.4,Good,Good,Watch,22.1
Ashok Cable Network,309,3.54,88.2,12.6,Good,Good,Good,22.0
D&V Solution,162,3.66,89.5,13.0,Good,Good,Good,21.9
Deepak Network,263,2.47,96.6,17.5,Good,Good,Watch,21.7
MK Networks,391,3.12,86.7,11.8,Good,Good,Good,21.6
Siya Network Broadband Services,84,5.79,100.0,15.5,Poor,Good,Watch,21.3
Vipin Pal,76,4.63,95.7,14.5,OK,Good,Good,21.3
DH Cable Network,191,5.03,97.0,14.7,Poor,Good,Good,21.2
Hi speed Fibernet South,277,2.77,96.3,16.6,Good,Good,Watch,21.2
Bharat Internet,146,3.43,85.0,10.3,Good,OK,Good,21.2
Vinit Broadband,225,3.86,94.9,14.7,Good,Good,Good,21.1
Bharat Broadband,217,3.36,95.3,15.2,Good,Good,Watch,20.9
S Tel Broadband,598,4.58,94.8,13.5,OK,Good,Good,20.8
KRISHTEL INTERNET SERVICES PVT LTD,54,3.69,88.0,11.1,Good,Good,Good,20.8
Shri Ram Internet,137,5.72,93.3,11.7,Poor,Good,Good,20.7
Jeevan Khanna,67,4.16,81.8,7.5,OK,OK,Good,20.7
Shri shyam cable network,83,4.0,98.2,15.7,Good,Good,Watch,20.6
Hans Cable Network,249,4.02,93.5,13.3,OK,Good,Good,20.5
GOYLA CABLE NETWORK,314,4.54,97.9,15.0,OK,Good,Good,20.5
Abhiraj Integrated Services (erstwhile Net Point),61,6.19,88.0,8.2,Poor,Good,Good,20.4
Star Link Net Fiber Connectivity,380,5.32,96.2,13.2,Poor,Good,Good,20.4
Sanjay Cable Network Centre,163,3.66,90.0,11.7,Good,Good,Good,20.3
NEERAJ INFOTECH,139,4.47,93.1,12.2,OK,Good,Good,20.1
Jatin Cable Net & Broadband,481,5.04,89.8,10.0,Poor,Good,Good,20.1
Dev Cable,135,5.23,97.0,13.3,Poor,Good,Good,20.1
D.C BROADBAND,322,3.51,94.8,14.0,Good,Good,Good,20.1
MGM Broadband Service North,281,3.48,100.0,16.4,Good,Good,Watch,19.9
P D Internet Service,187,4.77,97.7,13.9,OK,Good,Good,19.8
Netlife Broadband,125,2.59,86.7,10.4,Good,Good,Good,19.7
Shyam Broadband,140,4.08,93.3,12.1,OK,Good,Good,19.6
HS Broadband,437,4.01,90.5,10.8,OK,Good,Good,19.5
Axion Net,114,5.79,95.7,11.4,Poor,Good,Good,19.4
Sonu Cable Network,250,4.07,86.4,8.4,OK,Good,Good,19.3
Kabir Cable Network,321,3.61,93.5,12.5,Good,Good,Good,19.3
Shree Bankey Bihari Internet,199,3.38,91.3,11.6,Good,Good,Good,19.3
Angel Fibernet,115,4.27,100.0,14.8,OK,Good,Good,19.1
Om Sai Network-Sangam Vihar,99,3.56,81.1,6.1,Good,OK,Good,19.1
Sai Broadband-Aryapura,395,4.02,93.6,11.9,OK,Good,Good,19.1
Sona Broadband,164,4.25,86.5,7.9,OK,Good,Good,18.9
Sajid Khan Cable,392,4.44,92.0,10.5,OK,Good,Good,18.9
NEELKANTH BUSINESS SOLUTION,499,4.68,89.1,8.8,OK,Good,Good,18.9
Ajay Cable,322,3.76,94.7,12.4,Good,Good,Good,18.8
Parewa Networks,194,4.08,94.4,11.9,OK,Good,Good,18.7
Smart Fiber Net,329,2.95,89.2,10.3,Good,Good,Good,18.7
Net Fever Broadband,338,3.38,85.9,8.3,Good,Good,Good,18.7
OSHO Industries,423,4.09,94.2,11.6,OK,Good,Good,18.6
Sainet Communication-Chandra Park,111,4.18,91.3,9.9,OK,Good,Good,18.4
RS Internet,114,3.53,93.1,11.4,Good,Good,Good,18.4
SR Network-Jaitpur Extension,183,3.13,94.5,12.6,Good,Good,Good,18.4
Tapish Broadband (Badli),122,3.6,92.0,10.7,Good,Good,Good,18.3
Hiresh Cable Network,337,5.33,90.6,8.3,Poor,Good,Good,18.3
M/S K V ENTERPRISES,54,4.72,91.3,9.3,OK,Good,Good,18.3
ND2net,284,5.85,97.1,10.9,Poor,Good,Good,18.2
SA Communication,382,3.25,93.1,11.0,Good,Good,Good,17.7
A K Cable And Net Service,235,4.34,93.0,9.8,OK,Good,Good,17.6
Shreeshyam Network,184,4.92,90.0,7.6,OK,Good,Good,17.5
Mentro Broadnet,448,6.0,94.8,8.9,Poor,Good,Good,17.5
Jain Cable Network,216,2.74,97.5,13.4,Good,Good,Good,17.4
GURU INFOTECH,225,2.98,96.1,12.4,Good,Good,Good,17.4
Starlink Internet Service Sector 7,283,4.27,100.0,13.1,OK,Good,Good,17.3
Dadda Net,430,4.4,88.5,7.0,OK,Good,Good,17.1
Bhatia Cable TV Network,595,3.96,97.5,11.9,Good,Good,Good,17.1
Gautam Broadband,339,4.68,97.6,11.2,OK,Good,Good,17.1
Bottam Cable TV Network,323,3.53,93.1,9.9,Good,Good,Good,16.9
M F Network,116,2.8,96.3,12.1,Good,Good,Good,16.7
Chand Bibi Network,329,3.51,87.7,7.0,Good,Good,Good,16.6
S-Net,515,3.97,97.3,10.9,Good,Good,Good,16.2
Star Broadband,105,3.45,95.5,10.5,Good,Good,Good,16.2
Shri Krishna Internet Service Ghaziabad,327,3.99,89.7,7.0,Good,Good,Good,16.2
RS Data Services,160,4.24,97.5,10.6,OK,Good,Good,16.1
Shivsun Wifi Internet,172,3.22,93.3,9.3,Good,Good,Good,15.9
Ranjan kumar jha,155,2.61,95.5,11.0,Good,Good,Good,15.8
Choudhary Broadband - Ganesh Nagar,369,3.48,94.5,9.5,Good,Good,Good,15.7
Star Internet 2,598,2.81,94.7,10.0,Good,Good,Good,15.5
Nirmala cable TV network,184,4.43,92.5,6.5,OK,Good,Good,14.7
Pachauri Communication,109,2.78,95.2,8.3,Good,Good,Good,13.4
RS BROADBAND Bahrampur,182,6.08,97.6,6.0,Poor,Good,Good,13.3
R.S BROADBAND,211,3.72,97.2,7.6,Good,Good,Good,12.7
Gaba fiber broadband,256,4.25,100.0,8.2,OK,Good,Good,12.5
Bhaiya Cable,340,3.68,96.7,6.8,Good,Good,Good,12.1
Ocean Net,230,5.28,100.0,6.1,Poor,Good,Good,11.4
